﻿<?xml version="1.0" encoding="ISO-8859-1"?>
<root>
	<item id="Title"><![CDATA[Discuz! Plugin]]></item>
	<item id="Version"><![CDATA[X2,X2.5,X3,X3.1,X3.2,F1.0,L1.0,X3.3,X3.4]]></item>
	<item id="Time"><![CDATA[2017-08-29 20:09]]></item>
	<item id="From"><![CDATA[折翼天使资源社区（www.zheyitianshi.com）]]></item>
	<item id="Data">
		<item id="plugin">
			<item id="available"><![CDATA[1]]></item>
			<item id="adminid"><![CDATA[1]]></item>
			<item id="name"><![CDATA[折翼天使资源社区_【M】打賞插件]]></item>
			<item id="identifier"><![CDATA[reward]]></item>
			<item id="description"><![CDATA[]]></item>
			<item id="datatables"><![CDATA[]]></item>
			<item id="directory"><![CDATA[reward/]]></item>
			<item id="copyright"><![CDATA[折翼天使资源社区（www.zheyitianshi.com）]]></item>
			<item id="version"><![CDATA[v1.7]]></item>
			<item id="__modules">
				<item id="1999">
					<item id="name"><![CDATA[admincp_addonymg]]></item>
					<item id="menu"><![CDATA[<span style="color:#E53333;"><b>使用說明</b></span>]]></item>
					<item id="url"><![CDATA[]]></item>
					<item id="type"><![CDATA[3]]></item>
					<item id="adminid"><![CDATA[0]]></item>
					<item id="displayorder"><![CDATA[0]]></item>
					<item id="navtitle"><![CDATA[]]></item>
					<item id="navicon"><![CDATA[]]></item>
					<item id="navsubname"><![CDATA[]]></item>
					<item id="navsuburl"><![CDATA[]]></item>
				</item>
				<item id="0">
					<item id="name"><![CDATA[reward]]></item>
					<item id="param"><![CDATA[]]></item>
					<item id="menu"><![CDATA[]]></item>
					<item id="url"><![CDATA[]]></item>
					<item id="type"><![CDATA[28]]></item>
					<item id="adminid"><![CDATA[0]]></item>
					<item id="displayorder"><![CDATA[0]]></item>
					<item id="navtitle"><![CDATA[]]></item>
					<item id="navicon"><![CDATA[]]></item>
					<item id="navsubname"><![CDATA[]]></item>
					<item id="navsuburl"><![CDATA[]]></item>
				</item>
				<item id="1">
					<item id="name"><![CDATA[reward]]></item>
					<item id="param"><![CDATA[]]></item>
					<item id="menu"><![CDATA[]]></item>
					<item id="url"><![CDATA[]]></item>
					<item id="type"><![CDATA[11]]></item>
					<item id="adminid"><![CDATA[0]]></item>
					<item id="displayorder"><![CDATA[0]]></item>
					<item id="navtitle"><![CDATA[]]></item>
					<item id="navicon"><![CDATA[]]></item>
					<item id="navsubname"><![CDATA[]]></item>
					<item id="navsuburl"><![CDATA[]]></item>
				</item>
			</item>
		</item>
		<item id="version"><![CDATA[X2,X2.5,X3,X3.1,X3.2,F1.0,L1.0,X3.3,X3.4]]></item>
		<item id="var">
			<item id="0">
				<item id="displayorder"><![CDATA[0]]></item>
				<item id="title"><![CDATA[允許打賞板塊]]></item>
				<item id="description"><![CDATA[]]></item>
				<item id="variable"><![CDATA[plate]]></item>
				<item id="type"><![CDATA[forums]]></item>
				<item id="extra"><![CDATA[]]></item>
				<item id="__value">
					<item id="0"><![CDATA[51]]></item>
					<item id="1"><![CDATA[40]]></item>
					<item id="2"><![CDATA[2]]></item>
					<item id="3"><![CDATA[68]]></item>
					<item id="4"><![CDATA[64]]></item>
					<item id="5"><![CDATA[63]]></item>
					<item id="6"><![CDATA[62]]></item>
					<item id="7"><![CDATA[65]]></item>
					<item id="8"><![CDATA[66]]></item>
					<item id="9"><![CDATA[67]]></item>
					<item id="10"><![CDATA[60]]></item>
					<item id="11"><![CDATA[59]]></item>
					<item id="12"><![CDATA[58]]></item>
					<item id="13"><![CDATA[53]]></item>
					<item id="14"><![CDATA[52]]></item>
				</item>
			</item>
			<item id="1">
				<item id="displayorder"><![CDATA[0]]></item>
				<item id="title"><![CDATA[可選打賞金額]]></item>
				<item id="description"><![CDATA[每行一個數字]]></item>
				<item id="variable"><![CDATA[money]]></item>
				<item id="type"><![CDATA[textarea]]></item>
				<item id="value"><![CDATA[1
2
5
10
20
50]]></item>
				<item id="extra"><![CDATA[]]></item>
			</item>
			<item id="2">
				<item id="displayorder"><![CDATA[0]]></item>
				<item id="title"><![CDATA[打賞積分類型]]></item>
				<item id="description"><![CDATA[]]></item>
				<item id="variable"><![CDATA[paytype]]></item>
				<item id="type"><![CDATA[extcredit]]></item>
				<item id="value"><![CDATA[2]]></item>
				<item id="extra"><![CDATA[]]></item>
			</item>
			<item id="3">
				<item id="displayorder"><![CDATA[0]]></item>
				<item id="title"><![CDATA[手機版打賞按鈕顏色]]></item>
				<item id="description"><![CDATA[]]></item>
				<item id="variable"><![CDATA[bgcolor]]></item>
				<item id="type"><![CDATA[color]]></item>
				<item id="value"><![CDATA[#FCAD30]]></item>
				<item id="extra"><![CDATA[]]></item>
			</item>
			<item id="4">
				<item id="displayorder"><![CDATA[0]]></item>
				<item id="title"><![CDATA[手機版按鈕文字顏色]]></item>
				<item id="description"><![CDATA[]]></item>
				<item id="variable"><![CDATA[fontcolor]]></item>
				<item id="type"><![CDATA[color]]></item>
				<item id="value"><![CDATA[#FFFFFF]]></item>
				<item id="extra"><![CDATA[]]></item>
			</item>
		</item>
		<item id="language">
			<item id="scriptlang">
				<item id="reward"><![CDATA[打賞]]></item>
				<item id="reward2"><![CDATA[賞]]></item>
				<item id="RewardNumber"><![CDATA[<b>{num}</b>人打賞]]></item>
				<item id="RewardNumber2"><![CDATA[已有 <b>{num}</b> 人打賞作者]]></item>
				<item id="fuhao"><![CDATA[￥]]></item>
				<item id="SeeMore"><![CDATA[查看更多]]></item>
				<item id="ChooseAmount"><![CDATA[請選擇打賞金額]]></item>
				<item id="LackFunds"><![CDATA[您的 <b style="color: #F00;">【{title}】</b> 不足！您目前有<b style="color: #F00;"> {num} </b>{title}，你本次打賞需要<b style="color: #F00;"> {money} </b>{title}<br><a href="{url}" style="color: #369;"><b>去充值</b></a>]]></item>
				<item id="NotToSelf"><![CDATA[請不要犒賞你自己]]></item>
				<item id="ThankYou"><![CDATA[感謝您的支持！]]></item>
				<item id="notification"><![CDATA[打賞通知]]></item>
				<item id="notification_message"><![CDATA[<a href="home.php?mod=space&uid={uid}&do=profile">{username}</a> 為您打賞了 {money} 附言：{message} <a href="{url}">點擊查看</a>]]></item>
				<item id="RewardLog"><![CDATA[記錄]]></item>
			</item>
			<item id="templatelang">
				<item id="reward"><![CDATA[打賞]]></item>
				<item id="reward2"><![CDATA[賞]]></item>
				<item id="RewardMoney"><![CDATA[鼓勵一下作者，請選擇打賞金額]]></item>
				<item id="Determine"><![CDATA[確定]]></item>
				<item id="Message"><![CDATA[給作者的留言]]></item>
				<item id="NotifyAuthor"><![CDATA[通知作者]]></item>
				<item id="RewardLog"><![CDATA[打賞記錄]]></item>
			</item>
		</item>
		<item id="installfile"><![CDATA[install.php]]></item>
		<item id="uninstallfile"><![CDATA[uninstall.php]]></item>
		<item id="upgradefile"><![CDATA[upgrade.php]]></item>
	</item>
</root>